[
  {
    "word": "Apple",
    "krword": "사과",
    "answer": "사과",
    "pic": "https://cdn.pixabay.com/photo/2014/02/01/17/30/apple-256268_1280.jpg"
  },
  {
    "word": "car",
    "krword": "자동차",
    "answer": "자동차",
    "pic": "https://cdn.pixabay.com/photo/2017/01/25/18/08/mobil-car-2008579_1280.jpg"
  },
  {
    "word": "cat",
    "krword": "고양이",
    "answer": "고양이",
    "pic": "https://cdn.pixabay.com/photo/2017/02/15/12/12/cat-2068462_1280.jpg"
  },
  {
    "word": "wave",
    "krword": "파도",
    "answer": "파도",
    "pic": "https://cdn.pixabay.com/photo/2018/06/13/18/20/waves-3473335_1280.jpg"
  },
  {
    "word": "ball",
    "krword": "공",
    "answer": "공",
    "pic": "https://cdn.pixabay.com/photo/2023/09/21/06/10/football-8266065_1280.jpg"
  },
  {
    "word": "bird",
    "krword": "새",
    "answer": "새",
    "pic": "https://cdn.pixabay.com/photo/2024/02/28/15/14/ai-generated-8602228_1280.jpg"
  }
]
